,Wm,W0m,dm,tm,rows,Xa,Ya,gain,vswr,bandwidth
0,2142.9,162.86,77.143,214.29,3.0,0.0,2142.9,2.7991746,1.3720397,110.66980000000017
1,2142.9,162.86,77.143,214.29,3.0,3543.5,6964.3,2.8173046000000004,1.6381034,120.7497000000002
2,2142.9,162.86,351.43,214.29,5.0,8365.0,6964.3,2.9414135,1.2427138,123.69010000000058
3,2142.9,162.86,351.43,214.29,3.0,8365.0,2142.9,2.8440777,1.2425867,122.43009999999988
4,2142.9,162.86,351.43,214.29,3.0,8365.0,6964.3,2.8123150000000003,1.271176,124.31979999999989
5,2142.9,162.86,351.43,214.29,3.0,8365.0,11786.0,2.9063831,1.4577924,123.47980000000058
6,2142.9,162.86,351.43,214.29,3.0,8365.0,16607.0,2.9450626,1.7333131000000002,114.8701000000001
7,2142.9,162.86,351.43,214.29,3.0,10776.0,2142.9,2.8390903,1.2430451,122.43009999999988
8,2142.9,162.86,351.43,214.29,3.0,10776.0,6964.3,2.8083363,1.2714631,124.10999999999994
9,2142.9,162.86,351.43,214.29,3.0,10776.0,11786.0,2.9034401,1.458533,123.26980000000054
10,2142.9,162.86,351.43,214.29,3.0,10776.0,16607.0,2.9773779,1.3717776000000002,122.42989999999976
11,2142.9,162.86,351.43,214.29,5.0,0.0,2142.9,1.2266593,7.6572815,
12,2142.9,162.86,77.143,214.29,3.0,3543.5,11786.0,2.9593142999999995,1.4406098,123.48009999999964
13,2142.9,162.86,351.43,214.29,5.0,0.0,6964.3,1.5057931,7.278063499999999,
14,2142.9,162.86,351.43,214.29,5.0,1132.8,2142.9,2.8172958,1.1893938,121.5900999999997
15,2142.9,162.86,351.43,214.29,5.0,1132.8,6964.3,2.9364566,1.3272752,123.48000000000026
16,2142.9,162.86,351.43,214.29,5.0,3543.5,2142.9,2.8312622000000003,1.0685864,122.21999999999954
17,2142.9,162.86,351.43,214.29,5.0,3543.5,6964.3,2.946069,1.2536767,123.69019999999998
18,2142.9,162.86,351.43,214.29,5.0,5954.3,2142.9,2.8253577,1.0610411,122.01019999999964
19,2142.9,162.86,351.43,214.29,5.0,5954.3,6964.3,2.9440047000000003,1.2502148000000002,123.68990000000046
20,2142.9,162.86,351.43,214.29,5.0,8365.0,2142.9,2.8199608,1.0533496,122.00999999999996
21,2142.9,162.86,351.43,214.29,5.0,8365.0,6964.3,2.9414131,1.2427138999999998,123.69010000000058
22,2142.9,162.86,351.43,214.29,5.0,10776.0,2142.9,2.8132994,1.0523037,121.80009999999974
23,2142.9,162.86,77.143,214.29,3.0,3543.5,16607.0,2.4477972,1.9351677,104.36990000000002
24,2142.9,162.86,351.43,214.29,5.0,10776.0,6964.3,2.9365429,1.2421969,123.48010000000008
25,2142.9,162.86,351.43,214.29,7.0,0.0,2142.9,1.4328942,6.9854833,
26,2142.9,162.86,351.43,214.29,7.0,1132.8,2142.9,2.8899379,1.0452724,122.21999999999954
27,2142.9,162.86,351.43,214.29,7.0,3543.5,2142.9,2.8950211,1.1569608,122.8498999999994
28,2142.9,162.86,351.43,214.29,7.0,5954.3,2142.9,2.8881553,1.1657871000000002,122.84989999999983
29,2142.9,162.86,351.43,214.29,7.0,8365.0,2142.9,2.8818121,1.1739754999999998,122.84999999999968
30,2142.9,162.86,351.43,214.29,7.0,10776.0,2142.9,2.8736089,1.175374,122.64019999999933
31,2142.9,162.86,488.57,214.29,3.0,0.0,2142.9,2.7528041,1.3682635,111.72009999999987
32,2142.9,162.86,488.57,214.29,3.0,0.0,6964.3,1.436656,7.303622,
33,2142.9,162.86,488.57,214.29,3.0,0.0,11786.0,2.90577,1.7084244999999998,116.33989999999984
34,2142.9,162.86,77.143,214.29,3.0,5954.3,2142.9,2.9069562,1.2291569,122.6398000000004
35,2142.9,162.86,488.57,214.29,3.0,0.0,16607.0,2.5210895,2.5626779,75.38989999999978
36,2142.9,162.86,488.57,214.29,3.0,1132.8,2142.9,2.8607527000000004,1.170279,122.43010000000032
37,2142.9,162.86,488.57,214.29,3.0,1132.8,6964.3,2.8246121,1.3132666000000002,124.32009999999984
38,2142.9,162.86,488.57,214.29,3.0,1132.8,11786.0,2.9178851000000003,1.4377065,123.48009999999964
39,2142.9,162.86,488.57,214.29,3.0,1132.8,16607.0,2.7108803,2.0945559,96.5997999999999
40,2142.9,162.86,488.57,214.29,3.0,3543.5,2142.9,2.8639842,1.2234277,122.4299000000002
41,2142.9,162.86,488.57,214.29,3.0,3543.5,6964.3,2.8345403,1.2402018,124.53029999999998
42,2142.9,162.86,488.57,214.29,3.0,3543.5,11786.0,2.9200672,1.4435372,123.48010000000008
43,2142.9,162.86,488.57,214.29,3.0,3543.5,16607.0,2.85046,1.9137869,105.4198999999998
44,2142.9,162.86,488.57,214.29,3.0,5954.3,2142.9,2.8598799,1.2316359,122.4303
45,2142.9,162.86,77.143,214.29,3.0,5954.3,6964.3,2.8156757000000003,1.6342981,120.95999999999974
46,2142.9,162.86,488.57,214.29,3.0,5954.3,6964.3,2.8323583,1.2367473999999998,124.52980000000036
47,2142.9,162.86,488.57,214.29,3.0,5954.3,11786.0,2.9182318,1.4470708,123.480100000001
48,2142.9,162.86,488.57,214.29,3.0,5954.3,16607.0,2.9061252,1.7887143,111.9298999999998
49,2142.9,162.86,488.57,214.29,3.0,8365.0,2142.9,2.8560798,1.239834,122.43010000000076
50,2142.9,162.86,488.57,214.29,3.0,8365.0,6964.3,2.8311565,1.2293302,124.53010000000076
51,2142.9,162.86,488.57,214.29,3.0,8365.0,11786.0,2.9164103,1.4551579,123.48010000000052
52,2142.9,162.86,488.57,214.29,3.0,8365.0,16607.0,2.9493362000000003,1.7447137,114.24000000000012
53,2142.9,325.71,77.143,214.29,3.0,1132.8,11786.0,2.9770293,1.4376431,123.6904000000001
54,2142.9,325.71,77.143,214.29,3.0,1132.8,16607.0,2.2336051,2.1029171000000004,88.20010000000033
55,2142.9,325.71,77.143,214.29,3.0,3543.5,2142.9,2.9355337,1.2228249,122.64009999999992
56,2142.9,162.86,77.143,214.29,3.0,5954.3,11786.0,2.9578115,1.4436569,123.48010000000008
57,2142.9,325.71,77.143,214.29,3.0,3543.5,6964.3,2.8434048,1.6381369,120.7497000000002
58,2142.9,325.71,77.143,214.29,3.0,3543.5,11786.0,2.9786302000000004,1.4395398,123.48009999999964
59,2142.9,325.71,77.143,214.29,3.0,3543.5,16607.0,2.4835141,1.9312411,104.36990000000002
60,2142.9,325.71,77.143,214.29,3.0,5954.3,2142.9,2.9313592,1.2299069,122.42980000000036
61,2142.9,325.71,77.143,214.29,3.0,5954.3,6964.3,2.8423459,1.6347466,120.95999999999974
62,2142.9,325.71,77.143,214.29,3.0,5954.3,11786.0,2.9771967,1.4422771,123.48010000000008
63,2142.9,325.71,77.143,214.29,3.0,5954.3,16607.0,2.483113,1.8239012,108.98989999999964
64,2142.9,325.71,77.143,214.29,3.0,8365.0,2142.9,2.9211264,1.238097,122.43009999999988
65,2142.9,325.71,77.143,214.29,3.0,8365.0,6964.3,2.8339478,1.6246454,121.5898999999996
66,2142.9,325.71,77.143,214.29,3.0,8365.0,11786.0,2.9704083,1.4505651000000002,123.69019999999998
67,2142.9,162.86,77.143,214.29,3.0,5954.3,16607.0,2.4472806,1.8277677,109.20020000000008
68,2142.9,325.71,77.143,214.29,3.0,8365.0,16607.0,2.7414559,1.8143803,110.66989999999998
69,2142.9,325.71,77.143,214.29,5.0,0.0,2142.9,1.2229716,7.960146400000001,
70,2142.9,325.71,77.143,214.29,5.0,0.0,6964.3,1.265661,8.1966315,
71,2142.9,325.71,77.143,214.29,5.0,1132.8,2142.9,2.8765399,1.1871998,121.3799
72,2142.9,325.71,77.143,214.29,5.0,1132.8,6964.3,2.8825128,1.6784415,118.2300999999999
73,2142.9,325.71,77.143,214.29,5.0,3543.5,2142.9,2.8902447,1.0713911,122.21990000000017
74,2142.9,325.71,77.143,214.29,5.0,3543.5,6964.3,2.8962311,1.5974653,121.59019999999998
75,2142.9,325.71,77.143,214.29,5.0,5954.3,2142.9,2.8853078,1.0648289,122.21979999999988
76,2142.9,325.71,77.143,214.29,5.0,5954.3,6964.3,2.8945051,1.5941877,121.3799
77,2142.9,325.71,77.143,214.29,5.0,8365.0,2142.9,2.8774905,1.0572001,122.00999999999996
78,2142.9,162.86,77.143,214.29,3.0,8365.0,2142.9,2.9006863,1.237277,122.43009999999988
79,2142.9,325.71,77.143,214.29,5.0,8365.0,6964.3,2.892252,1.5846573999999998,121.5900999999997
80,2142.9,325.71,77.143,214.29,7.0,0.0,2142.9,1.4088646,7.3212592,
81,2142.9,325.71,77.143,214.29,7.0,1132.8,2142.9,2.9409527,1.047616,122.01020000000008
82,2142.9,325.71,77.143,214.29,7.0,3543.5,2142.9,2.9465398,1.1541148,122.84990000000028
83,2142.9,325.71,77.143,214.29,7.0,5954.3,2142.9,2.9410426,1.1618304,122.85000000000012
84,2142.9,325.71,77.143,214.29,7.0,8365.0,2142.9,2.9323994,1.1697252,122.85000000000012
85,2142.9,325.71,214.29,214.29,3.0,0.0,2142.9,2.7539622,1.3332903,111.9298999999998
86,2142.9,325.71,214.29,214.29,3.0,0.0,6964.3,1.2399818,8.016448700000002,
87,2142.9,325.71,214.29,214.29,3.0,0.0,11786.0,2.8982842,1.7273811999999995,115.2896999999995
88,2142.9,325.71,214.29,214.29,3.0,0.0,16607.0,2.7371777,2.6431765,73.49990000000028
89,2142.9,162.86,77.143,214.29,3.0,8365.0,6964.3,2.8111205000000004,1.6243623,121.5898999999996
90,2142.9,325.71,214.29,214.29,3.0,1132.8,2142.9,2.8523916,1.1821308,122.42989999999976
91,2142.9,325.71,214.29,214.29,3.0,1132.8,6964.3,2.74011,1.7417349999999998,114.65979999999963
92,2142.9,325.71,214.29,214.29,3.0,1132.8,11786.0,2.9097386000000003,1.4443278999999998,123.480100000001
93,2142.9,325.71,214.29,214.29,3.0,1132.8,16607.0,2.8439912,2.1137087,95.96990000000004
94,2142.9,325.71,214.29,214.29,3.0,3543.5,2142.9,2.8535772,1.2277426000000002,122.6398000000004
95,2142.9,325.71,214.29,214.29,3.0,3543.5,6964.3,2.7531813,1.6594615,119.49009999999971
96,2142.9,325.71,214.29,214.29,3.0,3543.5,11786.0,2.9110784,1.4462129,123.480100000001
97,2142.9,325.71,214.29,214.29,3.0,3543.5,16607.0,2.9176201,1.9007954,106.04999999999976
98,2142.9,325.71,214.29,214.29,3.0,5954.3,2142.9,2.8492117,1.2355055,122.42980000000036
99,2142.9,325.71,214.29,214.29,3.0,5954.3,6964.3,2.7511372000000005,1.6556383,119.69989999999964
100,2142.9,162.86,77.143,214.29,3.0,8365.0,11786.0,2.9537055,1.4518337,123.48010000000052
101,2142.9,325.71,214.29,214.29,3.0,5954.3,11786.0,2.9091359,1.4494394,123.47989999999996
102,2142.9,325.71,214.29,214.29,3.0,5954.3,16607.0,2.9457693,1.7653525,113.1899999999999
103,2142.9,325.71,214.29,214.29,3.0,8365.0,2142.9,2.844732,1.2437214,122.43009999999988
104,2142.9,325.71,214.29,214.29,3.0,8365.0,6964.3,2.7495488,1.6458026,120.3297999999995
105,2142.9,325.71,214.29,214.29,3.0,8365.0,11786.0,2.9068591,1.457553,123.26980000000054
106,2142.9,325.71,214.29,214.29,3.0,8365.0,16607.0,2.9614327,1.7145083,115.91979999999948
107,2142.9,325.71,214.29,214.29,5.0,0.0,2142.9,1.2578973999999998,7.5557177,
108,2142.9,325.71,214.29,214.29,5.0,0.0,6964.3,1.3356511,7.8865875,
109,2142.9,325.71,214.29,214.29,5.0,1132.8,2142.9,2.8180233,1.1808572,121.38000000000028
110,2142.9,325.71,214.29,214.29,5.0,1132.8,6964.3,2.8634352,1.7035294,116.75979999999964
111,2142.9,162.86,77.143,214.29,3.0,0.0,6964.3,1.2164411,8.3779985,
112,2142.9,162.86,77.143,214.29,3.0,8365.0,16607.0,2.7115956000000003,1.8186504,110.45979999999966
113,2142.9,325.71,214.29,214.29,5.0,3543.5,2142.9,2.8296189,1.0670267,122.00999999999996
114,2142.9,325.71,214.29,214.29,5.0,3543.5,6964.3,2.875991,1.6224333,121.38009999999966
115,2142.9,325.71,214.29,214.29,5.0,5954.3,2142.9,2.8236226,1.0600375,122.01019999999964
116,2142.9,325.71,214.29,214.29,5.0,5954.3,6964.3,2.8737679,1.6187223,121.3801000000001
117,2142.9,325.71,214.29,214.29,5.0,8365.0,2142.9,2.8184957,1.0524673,121.80009999999974
118,2142.9,325.71,214.29,214.29,5.0,8365.0,6964.3,2.8726369,1.6091402,121.38009999999922
119,2142.9,325.71,214.29,214.29,7.0,0.0,2142.9,1.4634017,6.887117599999999,
120,2142.9,325.71,214.29,214.29,7.0,1132.8,2142.9,2.8902156000000003,1.0510795,122.22010000000029
121,2142.9,325.71,214.29,214.29,7.0,3543.5,2142.9,2.8932450000000003,1.1584451999999998,123.05969999999932
122,2142.9,325.71,214.29,214.29,7.0,5954.3,2142.9,2.8868264,1.1666376,122.84999999999968
123,2142.9,162.86,77.143,214.29,3.0,10776.0,2142.9,2.8830499,1.2384563999999998,122.43009999999988
124,2142.9,325.71,214.29,214.29,7.0,8365.0,2142.9,2.8799123,1.1747347,122.84999999999968
125,2142.9,325.71,351.43,214.29,3.0,0.0,2142.9,2.7478071,1.3434025,111.93019999999976
126,2142.9,325.71,351.43,214.29,3.0,0.0,6964.3,1.4021293,7.3750671,
127,2142.9,325.71,351.43,214.29,3.0,0.0,11786.0,2.8955172,1.7238206000000005,115.49999999999994
128,2142.9,325.71,351.43,214.29,3.0,0.0,16607.0,2.5131782000000005,2.5689078,75.18009999999987
129,2142.9,325.71,351.43,214.29,3.0,1132.8,2142.9,2.8490933,1.1794773,122.21979999999988
130,2142.9,325.71,351.43,214.29,3.0,1132.8,6964.3,2.8055577,1.3553919,123.89990000000051
131,2142.9,325.71,351.43,214.29,3.0,1132.8,11786.0,2.9073994,1.443188,123.48010000000008
132,2142.9,325.71,351.43,214.29,3.0,1132.8,16607.0,2.7046523,2.0887932,96.80990000000024
133,2142.9,325.71,351.43,214.29,3.0,3543.5,2142.9,2.8514316,1.2271451,122.43000000000048
134,2142.9,162.86,77.143,214.29,3.0,10776.0,6964.3,2.7932939,1.6238347,121.5898999999996
135,2142.9,325.71,351.43,214.29,3.0,3543.5,6964.3,2.8156264,1.2824421,124.52989999999974
136,2142.9,325.71,351.43,214.29,3.0,3543.5,11786.0,2.9091761000000003,1.4459991,123.480100000001
137,2142.9,325.71,351.43,214.29,3.0,3543.5,16607.0,2.8449581000000004,1.9026415,106.04999999999976
138,2142.9,325.71,351.43,214.29,3.0,5954.3,2142.9,2.847001,1.2348781999999998,122.42980000000036
139,2142.9,325.71,351.43,214.29,3.0,5954.3,6964.3,2.8133642000000005,1.2791618,124.32000000000043
140,2142.9,325.71,351.43,214.29,3.0,5954.3,11786.0,2.9076213,1.4493011,123.47989999999996
141,2142.9,325.71,351.43,214.29,3.0,5954.3,16607.0,2.900839,1.7773996,112.55979999999964
142,2142.9,325.71,351.43,214.29,3.0,8365.0,2142.9,2.8428486,1.2430293,122.43009999999988
143,2142.9,325.71,351.43,214.29,3.0,8365.0,6964.3,2.8114269,1.2715602,124.10999999999994
144,2142.9,325.71,351.43,214.29,3.0,8365.0,11786.0,2.9050874,1.4573492,123.26980000000054
145,2142.9,162.86,77.143,214.29,3.0,10776.0,11786.0,2.9392517,1.4534616000000002,123.48010000000052
146,2142.9,325.71,351.43,214.29,3.0,8365.0,16607.0,2.9439303,1.7329566000000003,114.8701000000001
147,2142.9,325.71,351.43,214.29,5.0,0.0,2142.9,1.2410326,7.6130171,
148,2142.9,325.71,351.43,214.29,5.0,0.0,6964.3,1.5113793,7.259340299999999,
149,2142.9,325.71,351.43,214.29,5.0,1132.8,2142.9,2.8164969,1.184148,121.5900999999997
150,2142.9,325.71,351.43,214.29,5.0,1132.8,6964.3,2.9361907000000005,1.325114,123.480100000001
151,2142.9,325.71,351.43,214.29,5.0,3543.5,2142.9,2.8292952,1.0673817,122.00999999999996
152,2142.9,325.71,351.43,214.29,5.0,3543.5,6964.3,2.9455199,1.2534287,123.69019999999998
153,2142.9,325.71,351.43,214.29,5.0,5954.3,2142.9,2.8241386000000004,1.0604049,122.01019999999964
154,2142.9,325.71,351.43,214.29,5.0,5954.3,6964.3,2.9431617,1.2502548,123.68990000000046
155,2142.9,325.71,351.43,214.29,5.0,8365.0,2142.9,2.8186879,1.0529075,122.00999999999996
156,2142.9,162.86,77.143,214.29,3.0,10776.0,16607.0,2.9854596,1.3703694,122.6401000000008
157,2142.9,325.71,351.43,214.29,5.0,8365.0,6964.3,2.9409456,1.2428403,123.69010000000058
158,2142.9,325.71,351.43,214.29,7.0,0.0,2142.9,1.447072,6.9434731,
159,2142.9,325.71,351.43,214.29,7.0,1132.8,2142.9,2.8890609,1.0480146,122.22009999999985
160,2142.9,325.71,351.43,214.29,7.0,3543.5,2142.9,2.8927519,1.1576288,123.05969999999932
161,2142.9,325.71,351.43,214.29,7.0,5954.3,2142.9,2.8869043,1.1658133,122.6398999999998
162,2142.9,325.71,351.43,214.29,7.0,8365.0,2142.9,2.8804526000000004,1.1738219,122.6398999999998
163,2142.9,325.71,488.57,214.29,3.0,0.0,2142.9,2.7896913,1.35835,111.92990000000025
164,2142.9,325.71,488.57,214.29,3.0,0.0,6964.3,1.4822886,7.295641199999999,
165,2142.9,325.71,488.57,214.29,3.0,0.0,11786.0,2.9320819,1.7104053,116.33989999999984
166,2142.9,325.71,488.57,214.29,3.0,0.0,16607.0,2.5467178,2.5690807,75.18009999999987
167,2142.9,162.86,77.143,214.29,5.0,0.0,2142.9,1.1987208,8.0135323,
168,2142.9,325.71,488.57,214.29,3.0,1132.8,2142.9,2.8916413,1.1737323,122.42989999999976
169,2142.9,325.71,488.57,214.29,3.0,1132.8,6964.3,2.8550607999999995,1.3129198,124.32009999999984
170,2142.9,325.71,488.57,214.29,3.0,1132.8,11786.0,2.9432062,1.4370181999999998,123.6904000000001
171,2142.9,325.71,488.57,214.29,3.0,1132.8,16607.0,2.7346137,2.0951667,96.5997999999999
172,2142.9,325.71,488.57,214.29,3.0,3543.5,2142.9,2.8942862000000003,1.2232568,122.64009999999992
173,2142.9,325.71,488.57,214.29,3.0,3543.5,6964.3,2.8643321,1.2416036,124.52980000000036
174,2142.9,325.71,488.57,214.29,3.0,3543.5,11786.0,2.9450089,1.4409738,123.68989999999955
175,2142.9,325.71,488.57,214.29,3.0,3543.5,16607.0,2.87291,1.9107332,105.62989999999984
176,2142.9,325.71,488.57,214.29,3.0,5954.3,2142.9,2.8903306,1.2309742,122.64010000000036
177,2142.9,325.71,488.57,214.29,3.0,5954.3,6964.3,2.8618752,1.2383361000000002,124.52980000000036
178,2142.9,162.86,77.143,214.29,5.0,0.0,6964.3,1.2537592,8.2257057,
179,2142.9,325.71,488.57,214.29,3.0,5954.3,11786.0,2.9434572,1.4442716999999998,123.27000000000066
180,2142.9,325.71,488.57,214.29,3.0,5954.3,16607.0,2.9282214,1.7851266,112.14000000000011
181,2142.9,325.71,488.57,214.29,3.0,8365.0,2142.9,2.8864008,1.2390236,122.64010000000036
182,2142.9,325.71,488.57,214.29,3.0,8365.0,6964.3,2.8607389,1.2309806,124.53009999999986
183,2142.9,325.71,488.57,214.29,3.0,8365.0,11786.0,2.9414422000000005,1.4522486,123.48010000000052
184,2142.9,325.71,488.57,214.29,3.0,8365.0,16607.0,2.9706675,1.7406453999999998,114.44999999999972
185,2142.9,325.71,488.57,214.29,5.0,0.0,2142.9,1.2879486999999998,7.6671761,
186,2142.9,325.71,488.57,214.29,5.0,0.0,6964.3,1.5393073,7.1655194,
187,2142.9,325.71,488.57,214.29,5.0,1132.8,2142.9,2.8584652000000004,1.1907576000000002,121.3801000000001
188,2142.9,325.71,488.57,214.29,5.0,1132.8,6964.3,2.9446236,1.2814389,123.48010000000052
189,2142.9,162.86,77.143,214.29,5.0,1132.8,2142.9,2.8742567,1.1940161,121.3797999999997
190,2142.9,325.71,488.57,214.29,5.0,3543.5,2142.9,2.87228,1.0712426000000002,122.21990000000017
191,2142.9,325.71,488.57,214.29,5.0,3543.5,6964.3,2.9534476,1.2116059,123.6898000000002
192,2142.9,325.71,488.57,214.29,5.0,5954.3,2142.9,2.8672045,1.0642083,122.21979999999988
193,2142.9,325.71,488.57,214.29,5.0,5954.3,6964.3,2.9511861,1.2084891000000002,123.89990000000051
194,2142.9,325.71,488.57,214.29,5.0,8365.0,2142.9,2.8627098,1.05664,122.22
195,2142.9,325.71,488.57,214.29,5.0,8365.0,6964.3,2.9492706,1.2013294,123.68990000000002
196,2142.9,325.71,488.57,214.29,7.0,0.0,2142.9,1.4865661,6.9986698,
197,2142.9,325.71,488.57,214.29,7.0,1132.8,2142.9,2.9260809,1.0438149,122.4303
198,2142.9,325.71,488.57,214.29,7.0,3543.5,2142.9,2.930998,1.1526273,123.05969999999976
199,2142.9,325.71,488.57,214.29,7.0,5954.3,2142.9,2.9252058,1.1608202,123.05999999999972
200,2142.9,162.86,77.143,214.29,5.0,1132.8,6964.3,2.8815911,1.6830776,118.01979999999944
201,2142.9,325.71,488.57,214.29,7.0,8365.0,2142.9,2.9194215,1.1687155,122.85000000000012
202,2142.9,488.57,77.143,214.29,3.0,0.0,2142.9,2.8242586,1.3641396,110.8798999999996
203,2142.9,488.57,77.143,214.29,3.0,0.0,6964.3,1.2545904,8.348357400000001,
204,2142.9,488.57,77.143,214.29,3.0,0.0,11786.0,2.9632942000000004,1.7245634,115.49999999999994
205,2142.9,488.57,77.143,214.29,3.0,0.0,16607.0,1.8804538,2.5139055,62.16
206,2142.9,488.57,77.143,214.29,3.0,1132.8,2142.9,2.9248862,1.1780468000000002,122.2200999999994
207,2142.9,488.57,77.143,214.29,3.0,1132.8,6964.3,2.8239056,1.7190167,116.1300999999999
208,2142.9,488.57,77.143,214.29,3.0,1132.8,11786.0,2.9719446,1.4385506,123.48009999999964
209,2142.9,488.57,77.143,214.29,3.0,1132.8,16607.0,2.2256702,2.0966748,88.40990000000026
210,2142.9,488.57,77.143,214.29,3.0,3543.5,2142.9,2.9289488,1.2233768,122.64009999999992
211,2142.9,162.86,77.143,214.29,5.0,3543.5,2142.9,2.8891788,1.0733141000000002,122.22
212,2142.9,488.57,77.143,214.29,3.0,3543.5,6964.3,2.8370637000000003,1.6372776000000002,120.7497000000002
213,2142.9,488.57,77.143,214.29,3.0,3543.5,11786.0,2.9738006,1.4400538,123.48009999999964
214,2142.9,488.57,77.143,214.29,3.0,3543.5,16607.0,2.4745148,1.9262514,104.37010000000014
215,2142.9,488.57,77.143,214.29,3.0,5954.3,2142.9,2.9251116,1.2301195,122.42980000000036
216,2142.9,488.57,77.143,214.29,3.0,5954.3,6964.3,2.8356624,1.6341185,120.95999999999974
217,2142.9,488.57,77.143,214.29,3.0,5954.3,11786.0,2.9724939,1.4426049,123.48010000000008
218,2142.9,488.57,77.143,214.29,3.0,5954.3,16607.0,2.4710426,1.8185561,108.98990000000008
219,2142.9,488.57,77.143,214.29,3.0,8365.0,2142.9,2.9154999,1.2381578000000002,122.43009999999988
220,2142.9,488.57,77.143,214.29,3.0,8365.0,6964.3,2.8282291,1.6241561000000002,121.5898999999996
221,2142.9,488.57,77.143,214.29,3.0,8365.0,11786.0,2.9662714,1.450793,123.69019999999998
222,2142.9,162.86,77.143,214.29,3.0,0.0,11786.0,2.9462106,1.724803,115.49999999999994
223,2142.9,162.86,77.143,214.29,5.0,3543.5,6964.3,2.8964947,1.5990824,121.59019999999998
224,2142.9,488.57,77.143,214.29,3.0,8365.0,16607.0,2.7316700000000003,1.8110339,110.87990000000003
225,2142.9,488.57,77.143,214.29,5.0,0.0,2142.9,1.2231207,7.961305499999999,
226,2142.9,488.57,77.143,214.29,5.0,0.0,6964.3,1.2680534,8.1893295,
227,2142.9,488.57,77.143,214.29,5.0,1132.8,2142.9,2.8755385,1.1858017,121.3799
228,2142.9,488.57,77.143,214.29,5.0,1132.8,6964.3,2.8822913,1.6774293999999998,118.43989999999982
229,2142.9,488.57,77.143,214.29,5.0,3543.5,2142.9,2.8890397,1.0709423,122.21990000000017
230,2142.9,488.57,77.143,214.29,5.0,3543.5,6964.3,2.896041,1.597066,121.38009999999966
231,2142.9,488.57,77.143,214.29,5.0,5954.3,2142.9,2.8844088,1.0647467,122.21979999999988
232,2142.9,488.57,77.143,214.29,5.0,5954.3,6964.3,2.8943841,1.5940347,121.3799
233,2142.9,488.57,77.143,214.29,5.0,8365.0,2142.9,2.8767092,1.0572698,122.00999999999996
234,2142.9,162.86,77.143,214.29,5.0,5954.3,2142.9,2.8843893,1.066133,122.00989999999967
235,2142.9,488.57,77.143,214.29,5.0,8365.0,6964.3,2.8920613,1.584559,121.5900999999997
236,2142.9,488.57,77.143,214.29,7.0,0.0,2142.9,1.4092376,7.3213924,
237,2142.9,488.57,77.143,214.29,7.0,1132.8,2142.9,2.9398083,1.0481784,122.21999999999954
238,2142.9,488.57,77.143,214.29,7.0,3543.5,2142.9,2.9453653,1.1545007,122.84990000000028
239,2142.9,488.57,77.143,214.29,7.0,5954.3,2142.9,2.9399566000000004,1.1618007,122.85000000000012
240,2142.9,488.57,77.143,214.29,7.0,8365.0,2142.9,2.9319055,1.1695445,122.85000000000012
241,2142.9,488.57,214.29,214.29,3.0,0.0,2142.9,2.7485146,1.3348717,111.9301000000008
242,2142.9,488.57,214.29,214.29,3.0,0.0,6964.3,1.233965,8.0118632,
243,2142.9,488.57,214.29,214.29,3.0,0.0,11786.0,2.894515,1.7266323,115.49999999999994
244,2142.9,488.57,214.29,214.29,3.0,0.0,16607.0,2.733283,2.642271,73.70970000000021
245,2142.9,162.86,77.143,214.29,5.0,5954.3,6964.3,2.8942362,1.5953503999999998,121.5898999999996
246,2142.9,488.57,214.29,214.29,3.0,1132.8,2142.9,2.8461592,1.1822002,122.22009999999985
247,2142.9,488.57,214.29,214.29,3.0,1132.8,6964.3,2.7345818,1.7409913,114.8701000000001
248,2142.9,488.57,214.29,214.29,3.0,1132.8,11786.0,2.9051242000000004,1.4451379999999998,123.480100000001
249,2142.9,488.57,214.29,214.29,3.0,1132.8,16607.0,2.839425,2.1149778,95.75990000000002
250,2142.9,488.57,214.29,214.29,3.0,3543.5,2142.9,2.8484511,1.2267113,122.43000000000048
251,2142.9,488.57,214.29,214.29,3.0,3543.5,6964.3,2.7480037,1.6595023999999998,119.49009999999971
252,2142.9,488.57,214.29,214.29,3.0,3543.5,11786.0,2.9065175,1.4464051000000002,123.480100000001
253,2142.9,488.57,214.29,214.29,3.0,3543.5,16607.0,2.9138311000000003,1.9012112,106.04999999999976
254,2142.9,488.57,214.29,214.29,3.0,5954.3,2142.9,2.8439562,1.2340068000000002,122.42980000000036
255,2142.9,488.57,214.29,214.29,3.0,5954.3,6964.3,2.7457796,1.6559433,119.69989999999964
256,2142.9,162.86,77.143,214.29,5.0,8365.0,2142.9,2.8764481,1.0583401,122.00989999999967
257,2142.9,488.57,214.29,214.29,3.0,5954.3,11786.0,2.9052435,1.4494268999999995,123.47989999999996
258,2142.9,488.57,214.29,214.29,3.0,5954.3,16607.0,2.9422103,1.7654418,113.1899999999999
259,2142.9,488.57,214.29,214.29,3.0,8365.0,2142.9,2.8400255000000003,1.2420723,122.43009999999988
260,2142.9,488.57,214.29,214.29,3.0,8365.0,6964.3,2.7446881000000003,1.6462154999999998,120.3297999999995
261,2142.9,488.57,214.29,214.29,3.0,8365.0,11786.0,2.9026203,1.4574328,123.26980000000054
262,2142.9,488.57,214.29,214.29,3.0,8365.0,16607.0,2.9579636,1.7144832,115.91979999999948
263,2142.9,488.57,214.29,214.29,5.0,0.0,2142.9,1.252861,7.5569145,
264,2142.9,488.57,214.29,214.29,5.0,0.0,6964.3,1.3360393999999998,7.883825900000001,
265,2142.9,488.57,214.29,214.29,5.0,1132.8,2142.9,2.8129837,1.1802081,121.38000000000028
266,2142.9,488.57,214.29,214.29,5.0,1132.8,6964.3,2.8621877,1.7029388,116.9699999999998
267,2142.9,162.86,77.143,214.29,5.0,8365.0,6964.3,2.8920126,1.5857187,121.38009999999966
268,2142.9,488.57,214.29,214.29,5.0,3543.5,2142.9,2.8256578,1.0673691,122.00999999999996
269,2142.9,488.57,214.29,214.29,5.0,3543.5,6964.3,2.8756134,1.622648,121.38009999999966
270,2142.9,488.57,214.29,214.29,5.0,5954.3,2142.9,2.8200181,1.0606969,122.01019999999964
271,2142.9,488.57,214.29,214.29,5.0,5954.3,6964.3,2.8736067000000003,1.6192257,121.3801000000001
272,2142.9,488.57,214.29,214.29,5.0,8365.0,2142.9,2.8147907,1.0532603,122.00999999999996
273,2142.9,488.57,214.29,214.29,5.0,8365.0,6964.3,2.8721695,1.6096979,121.17029999999929
274,2142.9,488.57,214.29,214.29,7.0,0.0,2142.9,1.4600566,6.886493700000001,
275,2142.9,488.57,214.29,214.29,7.0,1132.8,2142.9,2.886165,1.0515851,122.22010000000029
276,2142.9,488.57,214.29,214.29,7.0,3543.5,2142.9,2.8888607000000004,1.1584736999999998,122.8498999999994
277,2142.9,488.57,214.29,214.29,7.0,5954.3,2142.9,2.8835976000000003,1.1661705,122.6398999999998
278,2142.9,162.86,77.143,214.29,5.0,10776.0,2142.9,2.8568518,1.0566332,121.79989999999962
279,2142.9,488.57,214.29,214.29,7.0,8365.0,2142.9,2.8770798,1.1740903,122.84999999999968
280,2142.9,488.57,351.43,214.29,3.0,0.0,2142.9,2.821577,1.3449721,111.93019999999976
281,2142.9,488.57,351.43,214.29,3.0,0.0,6964.3,1.4996062,7.381595299999999,
282,2142.9,488.57,351.43,214.29,3.0,0.0,11786.0,2.9543516,1.7176901000000002,115.91979999999948
283,2142.9,488.57,351.43,214.29,3.0,0.0,16607.0,2.5392707000000003,2.5555665000000003,75.59990000000028
284,2142.9,488.57,351.43,214.29,3.0,1132.8,2142.9,2.9182801,1.1777868,122.2200999999994
285,2142.9,488.57,351.43,214.29,3.0,1132.8,6964.3,2.8744821,1.3591672,124.10990000000012
286,2142.9,488.57,351.43,214.29,3.0,1132.8,11786.0,2.9652807,1.4381276,123.6904000000001
287,2142.9,488.57,351.43,214.29,3.0,1132.8,16607.0,2.7266188,2.0775958,97.4400000000002
288,2142.9,488.57,351.43,214.29,3.0,3543.5,2142.9,2.9206418,1.2232383,122.64009999999992
289,2142.9,162.86,77.143,214.29,5.0,10776.0,6964.3,2.8853929,1.5853015,121.17010000000006
290,2142.9,488.57,351.43,214.29,3.0,3543.5,6964.3,2.8848771,1.2869415000000002,124.5299000000002
291,2142.9,488.57,351.43,214.29,3.0,3543.5,11786.0,2.9673778,1.4399521999999998,123.48009999999964
292,2142.9,488.57,351.43,214.29,3.0,3543.5,16607.0,2.8656477,1.8910464,106.6798999999996
293,2142.9,488.57,351.43,214.29,3.0,5954.3,2142.9,2.9168023,1.2303155,122.42980000000036
294,2142.9,488.57,351.43,214.29,3.0,5954.3,6964.3,2.8824877,1.2839153,124.32009999999984
295,2142.9,488.57,351.43,214.29,3.0,5954.3,11786.0,2.96591,1.4429208,123.48010000000008
296,2142.9,488.57,351.43,214.29,3.0,5954.3,16607.0,2.9210215,1.7662379,113.1899999999999
297,2142.9,488.57,351.43,214.29,3.0,8365.0,2142.9,2.9122146,1.2382018999999995,122.43009999999988
298,2142.9,488.57,351.43,214.29,3.0,8365.0,6964.3,2.8785414,1.2762138,124.53010000000032
299,2142.9,488.57,351.43,214.29,3.0,8365.0,11786.0,2.9631211,1.450869,123.48010000000052
300,2142.9,162.86,77.143,214.29,7.0,0.0,2142.9,1.383793,7.3777006,
301,2142.9,488.57,351.43,214.29,3.0,8365.0,16607.0,2.9629483,1.722134,115.49999999999994
302,2142.9,488.57,351.43,214.29,5.0,0.0,2142.9,1.3164236,7.6037577,
303,2142.9,488.57,351.43,214.29,5.0,0.0,6964.3,1.5240383999999998,7.2416077,
304,2142.9,488.57,351.43,214.29,5.0,1132.8,2142.9,2.8648465,1.1851383,121.3799
305,2142.9,488.57,351.43,214.29,5.0,1132.8,6964.3,2.9400865,1.3255164,123.27000000000066
306,2142.9,488.57,351.43,214.29,5.0,3543.5,2142.9,2.8777353,1.0704971,122.21990000000017
307,2142.9,488.57,351.43,214.29,5.0,3543.5,6964.3,2.9499126,1.2548028,123.90020000000048
308,2142.9,488.57,351.43,214.29,5.0,5954.3,2142.9,2.8730666,1.0640409,122.00979999999984
309,2142.9,488.57,351.43,214.29,5.0,5954.3,6964.3,2.9478192,1.2519296,123.68990000000046
310,2142.9,488.57,351.43,214.29,5.0,8365.0,2142.9,2.8676636,1.0566878,122.00999999999996
311,2142.9,162.86,77.143,214.29,7.0,1132.8,2142.9,2.9392536,1.0438822,122.21999999999954
312,2142.9,488.57,351.43,214.29,5.0,8365.0,6964.3,2.9459689,1.244618,123.68990000000046
313,2142.9,488.57,351.43,214.29,7.0,0.0,2142.9,1.5132822,6.933423,
314,2142.9,488.57,351.43,214.29,7.0,1132.8,2142.9,2.9311021,1.0481895,122.22009999999985
315,2142.9,488.57,351.43,214.29,7.0,3543.5,2142.9,2.9351629,1.1545146000000002,122.84990000000028
316,2142.9,488.57,351.43,214.29,7.0,5954.3,2142.9,2.9295512,1.1620218,122.85000000000012
317,2142.9,488.57,351.43,214.29,7.0,8365.0,2142.9,2.9235508,1.1697412,122.85000000000012
318,2142.9,488.57,488.57,214.29,3.0,0.0,2142.9,2.8420227,1.3697948999999998,112.13969999999972
319,2142.9,488.57,488.57,214.29,3.0,0.0,6964.3,1.5534086,7.2977177,
320,2142.9,488.57,488.57,214.29,3.0,0.0,11786.0,2.9749556,1.7055155,116.54969999999932
321,2142.9,488.57,488.57,214.29,3.0,0.0,16607.0,2.5891261,2.7483788,67.8299
322,2142.9,162.86,77.143,214.29,7.0,3543.5,2142.9,2.9463626,1.1522552,122.8498999999994
323,2142.9,488.57,488.57,214.29,3.0,1132.8,2142.9,2.9419211,1.1702245,122.6398999999998
324,2142.9,488.57,488.57,214.29,3.0,1132.8,6964.3,2.9133075,1.2748848,124.31980000000031
325,2142.9,488.57,488.57,214.29,3.0,1132.8,11786.0,2.9848211,1.4317403,123.69010000000058
326,2142.9,488.57,488.57,214.29,3.0,1132.8,16607.0,2.7703272,2.2426865,89.87980000000029
327,2142.9,488.57,488.57,214.29,3.0,3543.5,2142.9,2.9445181,1.2174562,122.6398999999998
328,2142.9,488.57,488.57,214.29,3.0,3543.5,6964.3,2.9212228,1.2065146,124.7398000000004
329,2142.9,488.57,488.57,214.29,3.0,3543.5,11786.0,2.9873086,1.4345336000000002,123.68990000000002
330,2142.9,488.57,488.57,214.29,3.0,3543.5,16607.0,2.9061327,2.0171782,100.38000000000036
331,2142.9,488.57,488.57,214.29,3.0,5954.3,2142.9,2.9415078,1.2245051000000002,122.6399000000007
332,2142.9,488.57,488.57,214.29,3.0,5954.3,6964.3,2.9195552000000005,1.2036196,124.52980000000036
333,2142.9,162.86,77.143,214.29,3.0,0.0,16607.0,1.8455298,2.5262853,62.36979999999992
334,2142.9,162.86,77.143,214.29,7.0,5954.3,2142.9,2.9403892000000003,1.1606302,122.8498999999994
335,2142.9,488.57,488.57,214.29,3.0,5954.3,11786.0,2.9855256000000003,1.4375357,123.48010000000008
336,2142.9,488.57,488.57,214.29,3.0,5954.3,16607.0,2.9600078,1.8970387,106.25979999999969
337,2142.9,488.57,488.57,214.29,3.0,8365.0,2142.9,2.9373528,1.2323058,122.64009999999992
338,2142.9,488.57,488.57,214.29,3.0,8365.0,6964.3,2.9177988,1.1964448,124.74009999999949
339,2142.9,488.57,488.57,214.29,3.0,8365.0,11786.0,2.9839304,1.445377,123.480100000001
340,2142.9,488.57,488.57,214.29,3.0,8365.0,16607.0,3.0013523,1.8389801,109.19979999999984
341,2142.9,488.57,488.57,214.29,5.0,0.0,2142.9,1.2728945,7.7656673,
342,2142.9,488.57,488.57,214.29,5.0,0.0,6964.3,1.5425582,7.1476666,
343,2142.9,488.57,488.57,214.29,5.0,1132.8,2142.9,2.866548,1.1920137,121.58990000000004
344,2142.9,488.57,488.57,214.29,5.0,1132.8,6964.3,2.950328,1.2416543,123.48010000000008
345,2142.9,162.86,77.143,214.29,7.0,8365.0,2142.9,2.9324124,1.1686318000000002,122.6402000000002
346,2142.9,488.57,488.57,214.29,5.0,3543.5,2142.9,2.8803719,1.0731025,122.22
347,2142.9,488.57,488.57,214.29,5.0,3543.5,6964.3,2.958933,1.1750168,123.89990000000051
348,2142.9,488.57,488.57,214.29,5.0,5954.3,2142.9,2.8759264,1.066427,122.22
349,2142.9,488.57,488.57,214.29,5.0,5954.3,6964.3,2.9568148,1.1722317,123.89989999999962
350,2142.9,488.57,488.57,214.29,5.0,8365.0,2142.9,2.8715879,1.0590355,122.01019999999964
351,2142.9,488.57,488.57,214.29,5.0,8365.0,6964.3,2.9549788,1.1653619,123.89989999999962
352,2142.9,488.57,488.57,214.29,7.0,0.0,2142.9,1.4690212,7.1021674,
353,2142.9,488.57,488.57,214.29,7.0,1132.8,2142.9,2.9323389,1.0411834999999998,122.21999999999954
354,2142.9,488.57,488.57,214.29,7.0,3543.5,2142.9,2.9374697,1.1480159,123.06019999999984
355,2142.9,488.57,488.57,214.29,7.0,5954.3,2142.9,2.9321138,1.1556284,123.06019999999984
356,2142.9,162.86,77.143,214.29,7.0,10776.0,2142.9,2.9115207,1.1707478,122.63969999999968
357,2142.9,488.57,488.57,214.29,7.0,8365.0,2142.9,2.9265948,1.1632938,122.84989999999983
358,2142.9,651.43,77.143,214.29,3.0,0.0,2142.9,2.809476,1.3694152,110.87960000000008
359,2142.9,651.43,77.143,214.29,3.0,0.0,6964.3,1.2385143,8.3392157,
360,2142.9,651.43,77.143,214.29,3.0,0.0,11786.0,2.9523166,1.7205161,115.70979999999986
361,2142.9,651.43,77.143,214.29,3.0,0.0,16607.0,2.4287692,2.7192934,67.8299
362,2142.9,651.43,77.143,214.29,3.0,1132.8,2142.9,2.9117711,1.1775441999999998,122.2200999999994
363,2142.9,651.43,77.143,214.29,3.0,1132.8,6964.3,2.8097255000000003,1.7187766,116.1300999999999
364,2142.9,651.43,77.143,214.29,3.0,1132.8,11786.0,2.9612857000000004,1.4385504999999998,123.48009999999964
365,2142.9,651.43,77.143,214.29,3.0,1132.8,16607.0,2.6585389,2.2441482999999995,89.45990000000003
366,2142.9,651.43,77.143,214.29,3.0,3543.5,2142.9,2.9154307,1.2228356000000002,122.64009999999992
367,2142.9,162.86,214.29,214.29,3.0,0.0,2142.9,2.7510247000000003,1.3423627,111.9298999999998
368,2142.9,651.43,77.143,214.29,3.0,3543.5,6964.3,2.8231172000000004,1.6372182,120.7497000000002
369,2142.9,651.43,77.143,214.29,3.0,3543.5,11786.0,2.9633218,1.4399708,123.48009999999964
370,2142.9,651.43,77.143,214.29,3.0,3543.5,16607.0,2.8347198,2.0354308,99.5400000000002
371,2142.9,651.43,77.143,214.29,3.0,5954.3,2142.9,2.9122051,1.2292108,122.42980000000036
372,2142.9,651.43,77.143,214.29,3.0,5954.3,6964.3,2.8214627,1.6342662,120.95999999999974
373,2142.9,651.43,77.143,214.29,3.0,5954.3,11786.0,2.9617665,1.4423553999999998,123.48010000000008
374,2142.9,651.43,77.143,214.29,3.0,5954.3,16607.0,2.9044262,1.9254216,104.78999999999994
375,2142.9,651.43,77.143,214.29,3.0,8365.0,2142.9,2.9042604,1.2370628,122.43009999999988
376,2142.9,651.43,77.143,214.29,3.0,8365.0,6964.3,2.8156623,1.6244425,121.5898999999996
377,2142.9,651.43,77.143,214.29,3.0,8365.0,11786.0,2.9571011,1.4503595,123.47989999999996
378,2142.9,162.86,214.29,214.29,3.0,0.0,6964.3,1.2359373,8.032755900000002,
379,2142.9,651.43,77.143,214.29,3.0,8365.0,16607.0,2.9685755,1.8521762,108.5699
380,2142.9,651.43,77.143,214.29,5.0,0.0,2142.9,1.2178958,7.970229300000001,
381,2142.9,651.43,77.143,214.29,5.0,0.0,6964.3,1.2683606,8.1858682,
382,2142.9,651.43,77.143,214.29,5.0,1132.8,2142.9,2.8730161,1.1860049,121.3799
383,2142.9,651.43,77.143,214.29,5.0,1132.8,6964.3,2.8814255,1.6782037,118.2300999999999
384,2142.9,651.43,77.143,214.29,5.0,3543.5,2142.9,2.8873448,1.0711834999999998,122.21990000000017
385,2142.9,651.43,77.143,214.29,5.0,3543.5,6964.3,2.8953932,1.5979748,121.59019999999998
386,2142.9,651.43,77.143,214.29,5.0,5954.3,2142.9,2.8828015,1.0653,122.00989999999967
387,2142.9,651.43,77.143,214.29,5.0,5954.3,6964.3,2.8938544,1.5951624,121.5898999999996
388,2142.9,651.43,77.143,214.29,5.0,8365.0,2142.9,2.8754919,1.0579187,122.00989999999967
389,2142.9,162.86,214.29,214.29,3.0,0.0,11786.0,2.8981787,1.7240654999999998,115.49999999999994
390,2142.9,651.43,77.143,214.29,5.0,8365.0,6964.3,2.8917189,1.5857606000000002,121.38009999999966
391,2142.9,651.43,77.143,214.29,7.0,0.0,2142.9,1.4045931,7.332711200000001,
392,2142.9,651.43,77.143,214.29,7.0,1132.8,2142.9,2.9376819,1.047224,122.01020000000008
393,2142.9,651.43,77.143,214.29,7.0,3543.5,2142.9,2.943973,1.1533307,123.05969999999976
394,2142.9,651.43,77.143,214.29,7.0,5954.3,2142.9,2.9387407000000003,1.1602485,122.8498999999994
395,2142.9,651.43,77.143,214.29,7.0,8365.0,2142.9,2.9306891,1.1678518,122.84999999999968
396,2142.9,651.43,214.29,214.29,3.0,0.0,2142.9,2.765413,1.3309142,112.14020000000023
397,2142.9,651.43,214.29,214.29,3.0,0.0,6964.3,1.2615183,8.0002414,
398,2142.9,651.43,214.29,214.29,3.0,0.0,11786.0,2.9078877,1.7245392,115.49999999999994
399,2142.9,651.43,214.29,214.29,3.0,0.0,16607.0,2.5003954,2.5408273,76.22980000000013
400,2142.9,162.86,214.29,214.29,3.0,0.0,16607.0,2.7103067000000003,2.634425,73.92000000000021
401,2142.9,651.43,214.29,214.29,3.0,1132.8,2142.9,2.8602951,1.1830542,122.22009999999985
402,2142.9,651.43,214.29,214.29,3.0,1132.8,6964.3,2.7497823,1.7428019,114.65979999999963
403,2142.9,651.43,214.29,214.29,3.0,1132.8,11786.0,2.9177394,1.443525,123.69020000000042
404,2142.9,651.43,214.29,214.29,3.0,1132.8,16607.0,2.6980988,2.0670663,97.8599
405,2142.9,651.43,214.29,214.29,3.0,3543.5,2142.9,2.8629898,1.2253981000000005,122.6399000000007
406,2142.9,651.43,214.29,214.29,3.0,3543.5,6964.3,2.7632915,1.6626328,119.27979999999972
407,2142.9,651.43,214.29,214.29,3.0,3543.5,11786.0,2.919737,1.4436436,123.48010000000008
408,2142.9,651.43,214.29,214.29,3.0,3543.5,16607.0,2.8448079,1.8819309,107.09979999999986
409,2142.9,651.43,214.29,214.29,3.0,5954.3,2142.9,2.859163,1.2318751,122.4303
410,2142.9,651.43,214.29,214.29,3.0,5954.3,6964.3,2.761721,1.6596117,119.49009999999971
411,2142.9,162.86,214.29,214.29,3.0,1132.8,2142.9,2.8534798,1.177281,122.2200999999994
412,2142.9,651.43,214.29,214.29,3.0,5954.3,11786.0,2.9182492,1.4461905000000002,123.480100000001
413,2142.9,651.43,214.29,214.29,3.0,5954.3,16607.0,2.9032801,1.7581009,113.60999999999954
414,2142.9,651.43,214.29,214.29,3.0,8365.0,2142.9,2.8555319,1.2396477,122.43010000000076
415,2142.9,651.43,214.29,214.29,3.0,8365.0,6964.3,2.7606581,1.6500157,120.11999999999956
416,2142.9,651.43,214.29,214.29,3.0,8365.0,11786.0,2.9161235,1.4540355,123.27030000000062
417,2142.9,651.43,214.29,214.29,3.0,8365.0,16607.0,2.9499997,1.7141906999999998,115.91979999999948
418,2142.9,651.43,214.29,214.29,5.0,0.0,2142.9,1.2745768,7.5292401,
419,2142.9,651.43,214.29,214.29,5.0,0.0,6964.3,1.342023,7.864519299999999,
420,2142.9,651.43,214.29,214.29,5.0,1132.8,2142.9,2.8209032000000005,1.1779872999999998,121.3799
421,2142.9,651.43,214.29,214.29,5.0,1132.8,6964.3,2.8618203,1.7037964,116.75979999999964
422,2142.9,162.86,214.29,214.29,3.0,5954.3,2142.9,2.8508485,1.2340427,122.42980000000036
423,2142.9,651.43,214.29,214.29,5.0,3543.5,2142.9,2.8334866,1.067335,122.00999999999996
424,2142.9,651.43,214.29,214.29,5.0,3543.5,6964.3,2.8748308,1.624794,121.3797999999997
425,2142.9,651.43,214.29,214.29,5.0,5954.3,2142.9,2.8287498,1.0615034,122.00979999999984
426,2142.9,651.43,214.29,214.29,5.0,5954.3,6964.3,2.8733479,1.6219064,121.38009999999966
427,2142.9,651.43,214.29,214.29,5.0,8365.0,2142.9,2.8242983,1.0543044,122.00999999999996
428,2142.9,651.43,214.29,214.29,5.0,8365.0,6964.3,2.8725071,1.6125673,121.38009999999966
429,2142.9,651.43,214.29,214.29,7.0,0.0,2142.9,1.4778418,6.8629019,
430,2142.9,651.43,214.29,214.29,7.0,1132.8,2142.9,2.8921667,1.0511678999999998,122.22010000000029
431,2142.9,651.43,214.29,214.29,7.0,3543.5,2142.9,2.8959347,1.1561662,122.8498999999994
432,2142.9,651.43,214.29,214.29,7.0,5954.3,2142.9,2.8910201,1.1630002000000002,122.6398999999998
433,2142.9,162.86,214.29,214.29,3.0,5954.3,6964.3,2.7523549,1.6563318,119.69989999999964
434,2142.9,651.43,214.29,214.29,7.0,8365.0,2142.9,2.8853122000000004,1.1705703,122.63969999999968
435,2142.9,651.43,351.43,214.29,3.0,0.0,2142.9,2.8074195,1.3497496999999998,111.92990000000025
436,2142.9,651.43,351.43,214.29,3.0,0.0,6964.3,1.47691,7.3814459,
437,2142.9,651.43,351.43,214.29,3.0,0.0,11786.0,2.9443532,1.714649,116.1298999999998
438,2142.9,651.43,351.43,214.29,3.0,0.0,16607.0,2.530768,2.5529173,75.80999999999972
439,2142.9,651.43,351.43,214.29,3.0,1132.8,2142.9,2.9054585,1.1767356000000002,122.42989999999976
440,2142.9,651.43,351.43,214.29,3.0,1132.8,6964.3,2.8575007,1.3599424,124.10990000000012
441,2142.9,651.43,351.43,214.29,3.0,1132.8,11786.0,2.9548696,1.4379191999999998,123.6904000000001
442,2142.9,651.43,351.43,214.29,3.0,1132.8,16607.0,2.7183695,2.0782628,97.4400000000002
443,2142.9,651.43,351.43,214.29,3.0,3543.5,2142.9,2.9081654,1.2221726000000002,122.64009999999992
444,2142.9,162.86,77.143,214.29,3.0,1132.8,2142.9,2.9068472,1.1715348,122.22010000000029
445,2142.9,162.86,214.29,214.29,3.0,1132.8,16607.0,2.8174592,2.1078424,96.18000000000038
446,2142.9,651.43,351.43,214.29,3.0,3543.5,6964.3,2.8682963,1.2876674,124.5299000000002
447,2142.9,651.43,351.43,214.29,3.0,3543.5,11786.0,2.9569721,1.4396806999999998,123.48009999999964
448,2142.9,651.43,351.43,214.29,3.0,3543.5,16607.0,2.8579246,1.8913769,106.6798999999996
449,2142.9,651.43,351.43,214.29,3.0,5954.3,2142.9,2.9047492000000004,1.2290506,122.42980000000036
450,2142.9,651.43,351.43,214.29,3.0,5954.3,6964.3,2.8660415,1.2847309,124.53010000000076
451,2142.9,651.43,351.43,214.29,3.0,5954.3,11786.0,2.9558788,1.4425643,123.48010000000008
452,2142.9,651.43,351.43,214.29,3.0,5954.3,16607.0,2.913785,1.7663403000000002,113.1899999999999
453,2142.9,651.43,351.43,214.29,3.0,8365.0,2142.9,2.9002548,1.2368940000000002,122.43009999999988
454,2142.9,651.43,351.43,214.29,3.0,8365.0,6964.3,2.8632384,1.2771184,124.32000000000043
455,2142.9,651.43,351.43,214.29,3.0,8365.0,11786.0,2.9532443,1.4504638,123.47989999999996
456,2142.9,162.86,214.29,214.29,3.0,3543.5,2142.9,2.8555015,1.2257175,122.6399000000007
457,2142.9,651.43,351.43,214.29,3.0,8365.0,16607.0,2.9564013,1.7221096000000002,115.49999999999994
458,2142.9,651.43,351.43,214.29,5.0,0.0,2142.9,1.3091416,7.6172205,
459,2142.9,651.43,351.43,214.29,5.0,0.0,6964.3,1.5223538,7.2465765,
460,2142.9,651.43,351.43,214.29,5.0,1132.8,2142.9,2.8615342,1.1861565,121.3799
461,2142.9,651.43,351.43,214.29,5.0,1132.8,6964.3,2.9396083,1.3271377,123.27000000000066
462,2142.9,651.43,351.43,214.29,5.0,3543.5,2142.9,2.8751314,1.0711191999999998,122.21990000000017
463,2142.9,651.43,351.43,214.29,5.0,3543.5,6964.3,2.9493344,1.2562775,123.69010000000014
464,2142.9,651.43,351.43,214.29,5.0,5954.3,2142.9,2.8706849,1.0648095,122.00989999999967
465,2142.9,651.43,351.43,214.29,5.0,5954.3,6964.3,2.9473077,1.2534635,123.69019999999998
466,2142.9,651.43,351.43,214.29,5.0,8365.0,2142.9,2.8656842,1.0574568000000002,122.00989999999967
467,2142.9,162.86,214.29,214.29,3.0,3543.5,6964.3,2.7546403,1.6605501,119.49009999999971
468,2142.9,651.43,351.43,214.29,5.0,8365.0,6964.3,2.9457054,1.2461611,123.68990000000046
469,2142.9,651.43,351.43,214.29,7.0,0.0,2142.9,1.5065467,6.9489818,
470,2142.9,651.43,351.43,214.29,7.0,1132.8,2142.9,2.9286212000000003,1.0466607,122.21999999999954
471,2142.9,651.43,351.43,214.29,7.0,3543.5,2142.9,2.933084,1.1527933,123.05969999999976
472,2142.9,651.43,351.43,214.29,7.0,5954.3,2142.9,2.9275628,1.1601433,122.8498999999994
473,2142.9,651.43,351.43,214.29,7.0,8365.0,2142.9,2.9217493,1.1678109,122.84999999999968
474,2142.9,651.43,488.57,214.29,3.0,0.0,2142.9,2.7755935000000003,1.3666618,111.9298999999998
475,2142.9,651.43,488.57,214.29,3.0,0.0,6964.3,1.4552895,7.3293101,
476,2142.9,651.43,488.57,214.29,3.0,0.0,11786.0,2.9222614,1.7115468,116.33989999999984
477,2142.9,651.43,488.57,214.29,3.0,0.0,16607.0,2.5364044,2.5771164,74.75999999999993
478,2142.9,162.86,214.29,214.29,3.0,3543.5,11786.0,2.9120048,1.4459518,123.480100000001
479,2142.9,651.43,488.57,214.29,3.0,1132.8,2142.9,2.8781828,1.1764125,122.42989999999976
480,2142.9,651.43,488.57,214.29,3.0,1132.8,6964.3,2.8448453,1.2955101999999998,124.31980000000031
481,2142.9,651.43,488.57,214.29,3.0,1132.8,11786.0,2.9324296000000003,1.4396569,123.48009999999964
482,2142.9,651.43,488.57,214.29,3.0,1132.8,16607.0,2.7230465,2.1019933,96.18000000000038
483,2142.9,651.43,488.57,214.29,3.0,3543.5,2142.9,2.8810342,1.2235649,122.4299000000002
484,2142.9,651.43,488.57,214.29,3.0,3543.5,6964.3,2.8541048,1.2267705,124.52989999999974
485,2142.9,651.43,488.57,214.29,3.0,3543.5,11786.0,2.9343623,1.442297,123.48010000000008
486,2142.9,651.43,488.57,214.29,3.0,3543.5,16607.0,2.8626889,1.9137872,105.4198999999998
487,2142.9,651.43,488.57,214.29,3.0,5954.3,2142.9,2.8774096,1.2306138999999998,122.64010000000036
488,2142.9,651.43,488.57,214.29,3.0,5954.3,6964.3,2.8518313,1.2237805,124.53029999999998
489,2142.9,162.86,214.29,214.29,3.0,3543.5,16607.0,2.9192411,1.9003142,106.04999999999976
490,2142.9,651.43,488.57,214.29,3.0,5954.3,11786.0,2.9332465,1.4452279,123.480100000001
491,2142.9,651.43,488.57,214.29,3.0,5954.3,16607.0,2.9185244,1.7869453999999998,112.14000000000011
492,2142.9,651.43,488.57,214.29,3.0,8365.0,2142.9,2.8740285,1.2384636999999998,122.64010000000036
493,2142.9,651.43,488.57,214.29,3.0,8365.0,6964.3,2.8507715,1.2165746000000002,124.53000000000048
494,2142.9,651.43,488.57,214.29,3.0,8365.0,11786.0,2.9314625,1.4531532,123.48010000000052
495,2142.9,651.43,488.57,214.29,3.0,8365.0,16607.0,2.9620502,1.741844,114.44999999999972
496,2142.9,651.43,488.57,214.29,5.0,0.0,2142.9,1.2421284,7.764466400000001,
497,2142.9,651.43,488.57,214.29,5.0,0.0,6964.3,1.5275441,7.204126400000001,
498,2142.9,651.43,488.57,214.29,5.0,1132.8,2142.9,2.8453123,1.1874388,121.38000000000028
499,2142.9,651.43,488.57,214.29,5.0,1132.8,6964.3,2.946438,1.2652932,123.47959999999958
500,2142.9,162.86,214.29,214.29,3.0,5954.3,2142.9,2.8508489,1.2340427,122.42980000000036
501,2142.9,651.43,488.57,214.29,5.0,3543.5,2142.9,2.8586395,1.07035,122.21990000000017
502,2142.9,651.43,488.57,214.29,5.0,3543.5,6964.3,2.9553632000000003,1.1979391,123.89999999999988
503,2142.9,651.43,488.57,214.29,5.0,5954.3,2142.9,2.8542791000000003,1.0637581,122.21979999999988
504,2142.9,651.43,488.57,214.29,5.0,5954.3,6964.3,2.9532969,1.1950769,123.90010000000018
505,2142.9,651.43,488.57,214.29,5.0,8365.0,2142.9,2.8500339,1.0564241,122.22
506,2142.9,651.43,488.57,214.29,5.0,8365.0,6964.3,2.9515236,1.1880687,123.69010000000058
507,2142.9,651.43,488.57,214.29,7.0,0.0,2142.9,1.4435858,7.0962009,
508,2142.9,651.43,488.57,214.29,7.0,1132.8,2142.9,2.9142691000000003,1.0447982,122.21999999999954
509,2142.9,651.43,488.57,214.29,7.0,3543.5,2142.9,2.9187764,1.1530003,123.05969999999976
510,2142.9,651.43,488.57,214.29,7.0,5954.3,2142.9,2.9136576,1.1606665,123.05999999999972
511,2142.9,162.86,214.29,214.29,3.0,5954.3,6964.3,2.7523551,1.6563318,119.69989999999964
512,2142.9,651.43,488.57,214.29,7.0,8365.0,2142.9,2.9082665,1.1683747,122.85000000000012
513,6964.3,162.86,77.143,696.43,3.0,0.0,2142.9,-5.654378,4.3878892,32.759900000000286
514,6964.3,162.86,77.143,696.43,3.0,0.0,6964.3,2.9106906,3.8817072,
515,6964.3,162.86,77.143,696.43,3.0,1132.8,2142.9,3.2385389,1.108094,122.43009999999988
516,6964.3,162.86,77.143,696.43,3.0,1132.8,6964.3,3.2236186,1.6632076,119.4898999999996
517,6964.3,162.86,77.143,696.43,3.0,3543.5,2142.9,3.137923,1.1204798,123.68990000000002
518,6964.3,162.86,77.143,696.43,3.0,3543.5,6964.3,3.163655,1.5759778999999998,124.52989999999974
519,2142.9,162.86,214.29,214.29,3.0,5954.3,11786.0,2.9100965,1.4495011,123.47989999999996
520,2142.9,162.86,214.29,214.29,3.0,5954.3,16607.0,2.9471217,1.7652244,113.1899999999999
521,6964.3,162.86,214.29,696.43,3.0,3543.5,6964.3,3.0890765,1.600541,123.05999999999972
522,6964.3,162.86,351.43,696.43,3.0,0.0,2142.9,-5.5198918,4.1835199,38.85009999999944
523,6964.3,162.86,351.43,696.43,3.0,0.0,6964.3,2.8023913,4.1063728,
524,2142.9,162.86,214.29,214.29,3.0,8365.0,2142.9,2.8464009,1.2423992,122.43009999999988
525,2142.9,162.86,77.143,214.29,3.0,1132.8,6964.3,2.8035113,1.7235328999999997,115.70999999999998
526,2142.9,162.86,214.29,214.29,3.0,8365.0,6964.3,2.7509222,1.6464107,120.3297999999995
527,6964.3,162.86,488.57,696.43,3.0,1132.8,2142.9,3.2081774,1.3766661,123.2700000000002
528,6964.3,162.86,488.57,696.43,3.0,1132.8,6964.3,3.1720136,1.7786628,112.7701000000001
529,2142.9,162.86,214.29,214.29,3.0,8365.0,11786.0,2.90766,1.4576863000000002,123.47980000000058
530,6964.3,325.71,77.143,696.43,3.0,0.0,6964.3,2.9547012,3.8569957,
531,2142.9,162.86,214.29,214.29,3.0,8365.0,16607.0,2.9376563,1.7124849999999998,116.1298999999998
532,2142.9,162.86,214.29,214.29,3.0,10776.0,2142.9,2.8433304,1.2427941999999998,122.43009999999988
533,2142.9,162.86,214.29,214.29,3.0,10776.0,6964.3,2.7486297000000004,1.6470497,120.11999999999956
534,2142.9,162.86,214.29,214.29,3.0,10776.0,11786.0,2.906309,1.4582342,123.26980000000054
535,2142.9,162.86,214.29,214.29,3.0,10776.0,16607.0,2.9678837,1.37059,122.6401000000008
536,2142.9,162.86,214.29,214.29,5.0,0.0,2142.9,1.2462955,7.590241099999999,
537,2142.9,162.86,214.29,214.29,5.0,0.0,6964.3,1.3305206,7.9012383,
538,2142.9,162.86,214.29,214.29,5.0,1132.8,2142.9,2.8186372000000004,1.1861748,121.3799
539,2142.9,162.86,77.143,214.29,3.0,1132.8,11786.0,2.9573312,1.4367477,123.48010000000008
540,2142.9,162.86,214.29,214.29,5.0,1132.8,6964.3,2.8628445,1.7062529,116.75979999999964
541,2142.9,162.86,214.29,214.29,5.0,3543.5,2142.9,2.8311531000000003,1.0687497,122.21999999999954
542,2142.9,162.86,214.29,214.29,5.0,3543.5,6964.3,2.876488,1.6231984,121.38009999999966
543,2142.9,162.86,214.29,214.29,5.0,5954.3,2142.9,2.8254048,1.0611464,122.01019999999964
544,2142.9,162.86,214.29,214.29,5.0,5954.3,6964.3,2.8740809,1.6191061000000002,121.3801000000001
545,2142.9,162.86,214.29,214.29,5.0,8365.0,2142.9,2.8194222,1.0534278,122.00999999999996
546,2142.9,162.86,214.29,214.29,5.0,8365.0,6964.3,2.8727117,1.6094105,121.38009999999922
547,2142.9,162.86,214.29,214.29,5.0,10776.0,2142.9,2.8150776,1.052639,121.80009999999974
548,2142.9,162.86,214.29,214.29,5.0,10776.0,6964.3,2.8685674,1.6092189,121.38009999999922
549,2142.9,162.86,214.29,214.29,7.0,0.0,2142.9,1.4527066000000002,6.919600999999999,
550,2142.9,162.86,77.143,214.29,3.0,1132.8,16607.0,2.1963772,2.1041151,88.41010000000038
551,2142.9,162.86,214.29,214.29,7.0,1132.8,2142.9,2.8914359,1.0482935,122.22009999999985
552,2142.9,162.86,214.29,214.29,7.0,3543.5,2142.9,2.8947199,1.1573203,122.8498999999994
553,2142.9,162.86,214.29,214.29,7.0,5954.3,2142.9,2.8879675,1.1661468,122.84999999999968
554,2142.9,162.86,214.29,214.29,7.0,8365.0,2142.9,2.8812508,1.1743993,122.84999999999968
555,2142.9,162.86,214.29,214.29,7.0,10776.0,2142.9,2.8751048,1.1756678,122.64019999999933
556,2142.9,162.86,351.43,214.29,3.0,0.0,2142.9,2.74422,1.3547998,111.9301000000008
557,2142.9,162.86,351.43,214.29,3.0,0.0,6964.3,1.3970155,7.3930253,
558,2142.9,162.86,351.43,214.29,3.0,0.0,11786.0,2.8956064,1.7194351000000003,115.70979999999986
559,2142.9,162.86,351.43,214.29,3.0,0.0,16607.0,2.5146722,2.5577397,75.59990000000028
560,2142.9,162.86,351.43,214.29,3.0,1132.8,2142.9,2.8502451,1.1748878,122.22009999999985
561,2142.9,162.86,77.143,214.29,3.0,3543.5,2142.9,2.9109257,1.2214851999999998,122.43000000000004
562,2142.9,162.86,351.43,214.29,3.0,1132.8,6964.3,2.8065109,1.3573414,123.90010000000062
563,2142.9,162.86,351.43,214.29,3.0,1132.8,11786.0,2.9079725,1.4413573,123.48010000000008
564,2142.9,162.86,351.43,214.29,3.0,1132.8,16607.0,2.7068711,2.0837235,97.01989999999982
565,2142.9,162.86,351.43,214.29,3.0,3543.5,2142.9,2.8525154,1.2259414,122.6399000000007
566,2142.9,162.86,351.43,214.29,3.0,3543.5,6964.3,2.8163558,1.282437,124.52989999999974
567,2142.9,162.86,351.43,214.29,3.0,3543.5,11786.0,2.9098902,1.4460289,123.480100000001
568,2142.9,162.86,351.43,214.29,3.0,3543.5,16607.0,2.8465878,1.9015285,106.04999999999976
569,2142.9,162.86,351.43,214.29,3.0,5954.3,2142.9,2.8483304,1.2342619,122.42980000000036
570,2142.9,162.86,351.43,214.29,3.0,5954.3,6964.3,2.8140909,1.2788417,124.32000000000043
571,2142.9,162.86,351.43,214.29,5.0,8365.0,2142.9,2.8199605,1.0533496,122.00999999999996
